Hired,Outstanding,Considerable,Mid,Denied,,,,,,,,,,,,,,,,,,,
2024/10/19 10:53:45 am GMT+8,vortexgamer007,tristone,GMT+8,I am currently living in Taiwan. It is not a part of China for those who think it is.,13-15,Male,he/him,"1 Day and 3.23 Hours. I joined last year though, but season 2 had already started when I logged back on. (Egono you can check our discord. Just type in search ""tristan"".)","I will report it to other staff that are online, and not ping them. I will wait for their response so I can converse with them about the Staff Abuse.","Respecting others and the environment exists. You can't swear because ""it is your right and the freedom of speech"", and you should keep note that other players on this server might not like your words. The freedom of speech needs a balance between what is right to say, or wrong to say.","I would first make a ticket. Follow to ticketing format. I will provide evidence by using /co i on the build in 50xCreative to see the history of the block. I will repeat this on other parts to show that the same person had been breaking it. I will then wait for a staff to respond, and get on 50x IF POSSIBLE.","Yes. I am a Moderator on a server called ""OhhhGens"". (minehut) I have been doing my job well (Banning hackers, no muting we have a chatbot), so I got promoted quickly. The server is currently down due to a hosting issue.","You should choose me over the many other applicants out there because I am a dedicated player to helping other players and making the environment and the server a better place.
The first reason is dedication. I want to have a lot more staff experience and learn more, but at the same time, help players. I want to make our working and playing environment nice. 
The second reason is grit. I am very passionate about being staff on servers because it allows me to focus on my job as a staff member and help. 
These are my reasons on why I should be chosen over the other applicants out there.","I would say maybe a Helper, or Moderator. That is, of course, if I do my job well.",Monday;Tuesday;Wednesday;Thursday;Friday;Saturday;Sunday,3 - 4 hours,Nope. I am wishing luck for myself to get accepted!,Yes,,,,,
2024/09/20 9:47:49 am GMT+8,cnoble,coleman.noble,GMT-4 (EDT),United States,21-40,Male,he/him,2.8 days,"Contact an equivalent staff member or higher about the issue if they're online. Otherwise, I'd record the activity and report it at a later date.",I'd agree with them as long as they're not breaking any other chat rules. I believe in freedom of speech as long as they're not disrespecting or disturbing the community.,"It's all good brah, we have the coreprotect plugin. I'm fairly familiar with this plugin so I won't stress with them because I know I can find the proof in the logs.","Yea I used to be an admin for a factions server years ago (2016-ish). I started at the bottom and climbed the chain of command as time went by. I learned a few lessons like how to interact with players, how to use plugin commands and most importantly how to lead the staff team for that server. After this experience I've also volunteered for many other staff positions but they're not as important so I won't mention them.",I would die on the hill arguing that I'm more mature than them. I'm only 25 but I'm confident in saying that I've experienced a lot more than them at this age.,Senior Moderator,Monday;Tuesday;Wednesday;Thursday;Friday;Saturday;Sunday;TICK HERE IF YOU ARE ABLE TO JOIN DURING HOLIDAYS.,1 - 2 hours,"Listen up dudes and dudettes... I know I'm not that active at the moment but I'll definitely change that if I were promoted. I know this server pretty well, I've been playing for at least a year. I don't know the rules like the back of my hand but I'm a solid dude when it comes to following tasks. I'll also be a solid dude when it comes to leading tasks as I've had experience in both positions. I know my position and understand my boundaries. I'm not that good at these online applications so you'll have to talk to me online to fully understand me. I'm not that busy but you'll need to message me and schedule a meeting so I can talk because I'm not that active on the discord. Yea, if I were to become staff then obviously I'd use discord more. Don't hesitate to message me... either way, I'll see yall around!",Yes,,,,,
2024/08/25 11:02:00 am GMT+8,ClutchKck,thelocalimplodingstar,GMT-4,United States / New Jersey,13-15,Male,they/them,3 days and 22.91 Hours,Report / make a ticket about them while providing screenshots of them breaking a rule and/or abusing their power.,"I would still mute him for a short time, because he isn't wrong, but he also is breaking a server rule.","Check the area that was griefed with /co i and if they did break it, i would give them the usual 7-day ban.",N/A,"I am usually on the server most of the day, am never AFK much or for long, and am quick with my actions dealing with players.",Hopefully I would see myself as just a normal Mod :),Friday;Saturday;Sunday;TICK HERE IF YOU ARE ABLE TO JOIN DURING HOLIDAYS.,  ,,"Yes, but extremely nervous",,,,,
2024/10/30 4:34:25 am GMT+8,LeafCommunicate,leafforge,CET (GMT+2),Poland/Europe,15 - 16,Male,he/him,Answer is in the notes section on last page for it is longer than this question's limit.,Report it to a person higher than the offender,"i would explain them that the server has rules against such behavior and therefore if their freedom of speech doesn't follow that he can't do that here without punishment, i'd warn and/or mute them and if the behavior is continuing additional punishment is needed.","I have medal, my witnessing is on video and its a",Yes,"Im fair, i can follow, understand rules and enforce them correctly. Im fluent in english and polish and im able to be mostly active, however its not a rigid activity so i selected the average in the questions below.","A moderator, moderating.",Monday;Tuesday;Wednesday;Thursday;Friday;Saturday;Sunday,1 - 2 hours,"I've played lots on the server on two accounts, on my current one i have only 3 hours of playtime but im sure that adds up to around a day with my old one, it was a long time ago so i have no way of accessing that account again.","I believe if i met the playtime requirement correctly, im confident yes.",,,,,
2024/09/22 4:12:43 am GMT+8,__DreamWasTaken_,eee183m_96101,GMT,"United Kingdo,",13-15,Male,he/him,15 minutes ILL DO MORE I SWEAR,Alert a higher rank,warn them,Still warn the actual griefer,active servers like 4-6,"I believe I'm the perfect candidate for Minecraft moderator because I possess the key qualities needed to foster a positive and engaging community. My passion for Minecraft is undeniable, and I'm actively involved in the game, understanding its intricacies and the nuances of its community. I'm dedicated to upholding the rules and promoting a fair and fun environment for all players. My strong communication skills allow me to effectively address issues, resolve conflicts, and ensure everyone feels heard. I'm proactive in identifying potential problems and possess the maturity and judgment to make responsible decisions. I'm confident I can contribute to a thriving and enjoyable Minecraft community.",jr mod? maybe higher,Monday;Tuesday;Wednesday;Thursday;Friday;Saturday;Sunday;TICK HERE IF YOU ARE ABLE TO JOIN DURING HOLIDAYS.,3 - 4 hours,,slightly i dont mind if no.,,,,,
,YaBoiiii_XD,yaboiiii_xd,EDT,Georgia,13-15,Male,he/him,1 day and 5.69 hours,"I would ask him to stop, and if he doesn't stop, I would report him to Egono to punish for admin abuse.","I would remind them that swearing is against the rules of the server and tell them to stop. If they continue to swear, I would warn them, and if they continue to persist, I would give them a temporary mute and see if higher ups see fit to punish further.","First, I would use /co i just to make sure it wasn't me being blind (I have a really bad prescription), then if it was them, I would ban them for a short amount of time and see what higher ups think how long they should be punished for.","I have been a Trainee on a now inactive server called ChucksBox, and I wasn't able to get much good staff experience due to a surprise trip that got me demoted for inactivity. However, I have hosted several public Minehut servers (which to be honest, sadly didn't last very long) and kept the players in line.","Because I have been gracefully welcomed to the community of 50xCreative, and I really want to give back to the wonderful community Egono was able to make.",At maximum Jr. Mod to Mod position.,Monday;Tuesday;Wednesday;Thursday;Friday;Saturday;Sunday;TICK HERE IF YOU ARE ABLE TO JOIN DURING HOLIDAYS.,1 - 2 hours,,"I am confident my staff application is good, but who knows? Several people may apply to be staff.",,,,,
2024/10/31 8:39:43 am GMT+8,Nathan_TheMaster,nate_3210,UTC-4,United States,13 - 14,Male,he/him,4 DAYS 4 HOURS 25 MINTUES,Report the higher-ranked staff and try anything I can to make them stop.,"Tell them, ""Swearing, is considered inappropriateness, which is breaking the rules, please stop, or else further warnings, kicks, or protentional... Bans""","Go back to the history of the block, it will say who breaked it, who placed it, etc.","I am a guard on a prison server ""mlum"" and had to fill out a form just like this, it has a similar system, getting strikes if done stuff incorrectly, (mlum is an active server).","A reason to choose me over the other applicants, is because I never ignore things, and have on-the-job experience.","A Sir. Mod, I will be working, and keeping the server pristine as it was, is, and always will be.",Monday;Tuesday;Wednesday;Thursday;Friday;Saturday,3 - 4 hours,None...,Yes,,,,,
2024/10/26 1:08:49 am GMT+8,robo_boy08,.123e,CDT,United States Of amarica,13 - 14,Male,he/him,"6 hours (Please read the rest of my application, and this is not my total play time I think you guys reset the playtime as I used to have a lot more)",Get proof of misdemeanor then report it to a higher ranked staff.,Say that it is against the rules and mute said player.,If I have proof a ban them. If I don't have proof I ask the other members. If there are no members online and its just those two I fix the damage then see if it happens again.,"I have been staff on other minehut servers, most of which the owner just disappeared.","I can be online from 8:30 am to 7pm CDT sometimes more, I will not abuse my power, I have a lot of experience in 50x (I took a break right before the nbt reset and stat reset for about a year).",If you mean if I was given staff I think I would be a know staff by the community but not to high of a rank. If you mean in general I think I would still be playing 50x and probobly be making the backrooms.,Monday;Tuesday;Wednesday;Thursday;Friday;TICK HERE IF YOU ARE ABLE TO JOIN DURING HOLIDAYS.,7 - 8 hours,"On the question about what days I can be online, for the weekends it changes a lot, for example one weekend I might have a sport game which would take about 2 hours of said day but if I don't i will be able to be online a far amount. I will also be able to be online less on Mondays and Fridays. Also if you know of any way I can give you proof that I played before dm me, I have a few ideas that might prove it: 1. I played in the era of skulk invasion. 2. I began the McDonalds train that led to the McBunker.",I think there is a good chance I am accepted if the evaluator reads through the whole application and doesn't stop just at playtime.,,,,,
2024/10/31 9:18:01 am GMT+8,DrumPower,qtrezy,EST,United States,18+,Male,he/him,"1 day and 4 hours 32 minutes, I had more but It was before the /stats command","Clip it with replay mod, Open a ticket",I would Mute them for alittle bit as if they were swearing a lot they shouldn't be able to talk for awhile.,"Use /co i, Take a screenshot and replay, put into staff evidence then punish.","Back in the day I was co owner for catbox, We had 50+ players and I had to deal with people breaking rules",I'm a adult and got free time to be on during the day. I have experience with modding on servers.,Sr. mod,Monday;Tuesday;Wednesday;Thursday;Friday;Saturday;Sunday;TICK HERE IF YOU ARE ABLE TO JOIN DURING HOLIDAYS.,7 - 8 hours,,Yes,,,,,
2024/10/08 7:09:45 am GMT+8,RainTheNinja01,raintheninja,US+1,florida,21-40,Female,she/her,1 day 21 hours 32 minutes,tell the owner and have there rank go down for abusing there power,I would tell them to not swear because its not right to swear,i would tell the griefer that i saw everything and ban them till they learn to not grief.,there was a server in creative that used to exist i was a admin and later got promoted higher but the server was either banned or deleted because its no longer a server abd you cant find it.,"because i want the server to stay nice with no rule breakers, and because i want to stop griefers and rule breakers.",a staff member doing good stuff,Monday;Wednesday;Friday;Saturday;Sunday;TICK HERE IF YOU ARE ABLE TO JOIN DURING HOLIDAYS.,3 - 4 hours,,Yes,,,,,
2024/10/25 3:08:20 am GMT+8,DimRom,dimrom,UTC+2,Spain / Europe,18-20,Male,he/him,2 DAYS 3 HOURS 51 MINUTES,,"Explain the player the words they used are not appropriate in this server and tell it to please cut it out, if the behavior is repeated, I would give a /warn and finally if they still continue, I'll mute the player.","Inspect with /core i and restore the build this player griefed, then give a 7 days ban",I have been staff in some servers as moderator mostly and my personal server (about 4-5 years ago),The reason I see myself being chosen and maybe not a different person is because I can be online every single day,"Probably Moderator still, I don't need a higher role",Monday;Tuesday;Wednesday;Thursday;Friday;Saturday;Sunday;TICK HERE IF YOU ARE ABLE TO JOIN DURING HOLIDAYS.,5 - 6 hours,I may be online 4 hours only some days because I have to study but other days I can be online 14 hours,Yes,,,,,
2024/10/31 5:58:02 am GMT+8,OrmostheGalaxy,gloom,EST,canada,13 - 14,Male,he/him,in /stats its 17 hours but on minehut it says over a day,report it to higher authority than them,i would tell them to try to keep it to a minimum if they can,temp ban anyways,,"I am very committed and I will try to be as active as I can, I will try to host server activities if it gets boring for others, I will be as respectful as I can, I can think out solutions for problems others may have and if it doesn't work i will try a different solution",i don't plan on needing to get better so i'm fine where you put me and probably more respected by server members(minecraft),Monday;Tuesday;Wednesday;Thursday;Friday;Sunday,3 - 4 hours,,Maybe,,,,,
2024/10/18 1:44:02 am GMT+8,ejw12,ejw12,America / New York (EST),United States,13-15,Male,he/him,6 days and 16.43 hours,"Report it to the server owner (Egono), and try my best to prevent the person from causing more damage.","I would give them a short mute + a warn and tell them to stop, then if they persist there would be a permanent mute (because chat bypass [according to rules] is permanent mute)","I would use /co i to confirm who griefed, then give the griefer a warn or a short ban depending on the amount of griefing, and finally rollback the griefing. (If they were using nuker, they would get a 2 month ban because [according to admins] nuker is 2 month ban)

I would warn them for map trashing (placing random blocks or breaking random blocks)
A warn for altering player's builds without permission
I would give them a 7 day ban for griefing (destroying player's builds)
I would give them a 2 month ban for nuker (full on map destruction and mass griefing)","I'm staff in BoxElite.minehut.gg, MuxBox.minehut.gg, and LifestSmpe.minehut.gg (inactive), and Expador (in development)","I feel like I can be more active than other applicants and be online more, and I think I can help get 50x more players and be more active. I can also be online at times when other staff aren't usually online so I can help moderate the server more consistently.","Possibly Sr. Moderator, or Moderator.",Monday;Tuesday;Wednesday;Thursday;Friday;Saturday;Sunday,3 - 4 hours,If I become a staff member can I still keep my designer-rank permissions? (please) [unless staff has higher rank-permissions],Yes,,,,,
2024/10/06 11:19:27 am GMT+8,hj86,lil_hbomb,UTC-5,United States,16-17,Male,he/him,1 day and 1.63 hours,,"I would say I completely get it, but remind them that there are others in the server than just themselves. There could be children or people that aren't comfortable with profanity.","Learn all sides of the story, and take effective action against the greifer.",I moderated a couple SMP's with my friends.,"I am online frequently (other than Sundays, that's my fams Church day), and I feel like I am able to level with people and be as reasonable as possible.",Hopefully a jr. or sr. mod. Any position that can help make the server a better place to play.,Monday;Tuesday;Wednesday;Thursday;Friday;Saturday,3 - 4 hours,"I would suggest that there HAS to be at least ONE admin online at one time. Whenever there isn't, a greifer or hacker ends up destroying everything, and everyone comes crawling to the discord for an admins help.","Accepted or not, I will still play on this server.",,,,,
2024/08/18 12:06:08 am GMT+8,Its_Caty,caty_cat_real,UTC +3,Israel,16-17,Male,he/him,1 day and 5.14 hours,i will report to other admins or higher ranks,i would warn them with /warning and if they continue i will mute them,check in /co i who griefed and if its a major grief its a warning/1 day ban and if its a grief 7 days ban,i am a staff member (admin) at a server its a small server its around 20-50 people each day,i have some experience with another i am online a lot i have joined a year ago i love playing on the server and there are a lot of times that there are no staff online and ppl grief bc of it,i think i would like sr. mod or mod,Monday;Tuesday;Wednesday;Thursday;Friday;Saturday;Sunday;TICK HERE IF YOU ARE ABLE TO JOIN DURING HOLIDAYS.,5 - 6 hours,i have been a lot and i have seen a lot of times and i will like to point out that i had a total of around 40 days and it all got a reset😪,i am kind of i dont really know,,,,,
2024/09/22 8:08:52 pm GMT+8,Lalovoe,lalovoe,UTC+1,Denmark,18-20,Male,he/him,Like 1 day and maybe 6 to 8 hours,Publicly warn them verbally in the in-game chat to get their attention and let others see. If nothing happens I’ll create a report in discord or just talk to higher rank staff about it.,The server has clear rules on not swearing (and even uses a built-in system to prevent it!!) and is clearly focused on being a family friendly server. By that nature it naturally means that all forms of free speech are not allowed and some censorship has to take place. I’ll warn them and mute them if they continue.,"BAN THEM BOTH!!!! No just kidding. If its still going on ill ask them to stop and tell me what’s going on. Then ill ask if anyone else has caught them behaving bad/greifing. If they got a clear bad aura by plenty other witnesses I’ll give them a ban depending on the damage. If nothing can be determined its difficult to punish them, but realistically I will probably give them a warning, and tell them to get their issues solved between each other. Greifing as revenge is still greifing. Its difficult to understand the theoretical situation 100% without a real example. But I would try to assess the situation further before jumping the gun, is basically what I’m trying to say.",Not anything serious no,"Because I like to play on the server and I want to see it in the best possible state. I often witness bad behaviour either in chat or in game by griefers etc and I have the urge to step in and stop them. Of course this is not always possible without power over them. And if what they, or a group of people, are doing is really bad, it can put the server in a state of limbo where no ordinary players can enjoy the server until griefers get bored and leave. It really sucks to get stuck in a situation like that!",Moderator. I don’t see myself wanting to climb the staff ladder any further as I literally just want to keep the server clean.,Monday;Tuesday;Wednesday;Thursday;Friday;Saturday;Sunday;TICK HERE IF YOU ARE ABLE TO JOIN DURING HOLIDAYS.,1 - 2 hours,"I am a very long time player of Minecraft, so I know my way around the game in practically every way. I started in 2010, so I’ve practically played my whole life.","I’m not sure if I haven’t played enough to meet your standards(I’ll definitely rake up a lot more hours), or just meet them in general, but I’m hoping for the best.",,,,,
2024/10/18 9:39:45 am GMT+8,Notreal17,nori_trea,UTC+8,Singapore,13-15,Female,she/they,I dont really remember but i think it was 2 days and 7 hours (cant check now because my conputer has died),"Tell someone, and keep out, take screenshot, keep evidence","Tell them to stop again, say it's disrespectful, if they try to do it again, temporarily mute, then if they still do it, kick temp, and if they repeat the offence again, ban.","Use the block check to see for evidence, then continue with the standard procedure",,"Well I'm pretty active, have good relations, I'm not bias, and can defuse arguments well (wait- this needs to be 100 characters!?!)",Ahah im not really sure but im hopung to be at least a mod lah,Monday;Tuesday;Wednesday;Thursday;Friday;Saturday;Sunday;TICK HERE IF YOU ARE ABLE TO JOIN DURING HOLIDAYS.,1 - 2 hours,"Ah um there was one thing I wanted to bring up with yall which was the survival thjng, I normally play noteblocks manually *no notebot and people will stsrt hitting or killing me, so something or an idea I wanted to try was that you can't attack players in survival unless you are in survival too. Idk.",Maybe,,,,,
2024/09/28 4:13:46 am GMT+8,Amilliie,amiliie,BST,"United Kingdom, Europe",16-17,I don't exactly have a prefferred gender.,"Any again, I don't mind.",,"I would contact a manager or owner, depending on which would be easier to contact at the time. I would do it in DM's however to keep the case anonymous until it has been resolved by a manager/owner.",I would explain that we have chat rules for a reason and give them a verbal warning that continued swearing may result in punishment.,I would use co inspect to see who broke and place blocks in the position and ban accordingly.,"Yes, I am a moderator on discord.gg/linux, I was also a moderator on the French server Derycube. I also own my own 200 member Discord.

I also was a manager on a smaller Minehut server in 2021 / 2022.",I have experience with moderating servers and have a passion for protecting 50xcreative as it means a lot to me and a lot to the community. I find that sitting around helplessly while hackers get their way when no staff are online to be a waste of my time and I want to use my time for something productive.,Moderator,Monday;Tuesday;Wednesday;Thursday;Friday;Sunday;TICK HERE IF YOU ARE ABLE TO JOIN DURING HOLIDAYS.,3 - 4 hours,,"I'm not too sure, but I hope I do :)",,,,,
2024/11/01 8:52:13 am GMT+8,DeafSponge,deafsponge,CET,Italy,13 - 14,Male,he/him,"5 days, 10 hours 59 minutes",Tell an even higher staff member (e.g. Egono),"I try to convince them that is bad and to stop, if they dont I call for staff","I would call for staff for help or, if I have the perms I use /co i to actually see who griefed the build and confront the griefer",no,I played in 50x for a very long time and I memorized most of the server's rules. I'm very active in the server and I think I would be helpful.,sr. mod,Monday;Tuesday;Wednesday;Thursday;Friday;Saturday;Sunday;TICK HERE IF YOU ARE ABLE TO JOIN DURING HOLIDAYS.,3 - 4 hours,"50x is my main server, I play it around 2-3 hours in the weekdays depends if I need to study or not, and from 5 to 6 hr in the weekends. I really enjoy the 50x community, and spending time with friends I met there. I'm a builder, and I really enjoy building in 50x. Whenever the is a rulebreacker and there isn't any staff members I'm always frustrated that I cant do anything about it exept calling for help, I think that as a staff member I would be able to do a lot in the server and help people",Yes,,,,,
2024/10/17 11:07:18 am GMT+8,Teamf2_s3al,wh1t4f0r3est,"UTC -07:00 mountain time, USA and Canada",United States,13-15,Male,"Anything, as long as i can see its me","5 days from reset, 20 days without them i think","create a ticket, if The abusing staff closes it, i will DM the higher ups","Still, I have to mute them because it is a rule to not bypass chat filter",There's this cool this called core protect inspect,"I have some, but not enough to qualify here since it was my server which died very fast","Because I am very passionate for the community, and Do my best to stop griefers with my rank, I am also Very able to remember the rules of the server",Doing my best,Monday;Friday;Saturday;Sunday,3 - 4 hours,"Some days i will be able to get on, but thats not often because of school and soccer",I just wanna try my best,,,,,
2024/10/23 8:27:01 am GMT+8,SassyOlive,celestialsunset,UTC -7,Phoenix,13-15,Female,she/her,"Idk, but it's over a day",Report them to other staff that's able to make a change.,"I think I would give them a chance to stop swearing (like a warn) and then clear chat, but if they continue to swear I would ban them and then clear chat again.",I would tell them that I just witnessed them griefing and then consider if it was a minor grief or a nuke,"I don't have any experience, but I would like to try starting at a lower-level staff member to see if it is possible for me to do.","reasons why you should choose me over other applicants:

I have a good amount of time to log on and do my job every day.
I am responsible even at my young age
I don't even enjoy bragging about things in life 
I am willing to make even more time in my day for 50xcreative.",maybe a mod of sr. mod,Monday;Tuesday;Wednesday;Thursday;Friday;Saturday;Sunday;TICK HERE IF YOU ARE ABLE TO JOIN DURING HOLIDAYS.,3 - 4 hours,I'm obsessed with 50xcreative? idk lol,Maybe,,,,,
2024/08/18 5:57:48 am GMT+8,tktext,tktext,NA EST,United States,13-15,Male,he/him,11 Hours Sadly..,Report it to a higher staff such as a manager or the owner immediately.,"Warn them and say that it is not against OUR rules and if they do it again, I will mute them for the designated time.","This question is tricky because I can get in trouble for not getting proof. Before I punish the griefer, I will make sure to get plenty of witnesses and so they can vouch for me that I wasn't lying.","Yes, I owned 4 servers named GroupBox, BasicCuboid, Basic, and Trimz. They were all pretty successful and active. I somehow maintained it all in one piece.",I am a very dedicated and inspiring member who wants to be very active and punish rule breakers because I hate to see them. Also I do have 3+ years of experience in my previous servers.,I would be thankful for any position 🙏,Monday;Tuesday;Wednesday;Thursday;Friday;Saturday,3 - 4 hours,,Yes,,,,,
2024/10/28 10:41:27 pm GMT+8,WellChuffed,ziniixty,GMT,England,15 - 16,Male,he/him,7 days (thats what minehut says),Report to owner/ someone of high authority then them,warn them then mute them for 1 minute then 30 then 1 hour then days then perm,Ban them,,"I have been playing for ages, i know most of the staff, i am reasonable and wont listen to one person side of the story (unless i know they griefed). I wont abuse if someone is annoying me.",Staff,Monday;Wednesday;Thursday;Friday;Saturday;TICK HERE IF YOU ARE ABLE TO JOIN DURING HOLIDAYS.,3 - 4 hours,Always bet on green,Yes,,,,,
2024/09/21 2:15:05 am GMT+8,Leavish_,leavish_,UTC-5,USA South Carolina,13-15,Male,he/him,"I'm not sure, But I've play a decent amount of time.","I will try to screen record it, if for some reason I can't, I will screen shot it, and report them to another admin. If there are no admins I will report via discord to another admin or higher to get the issue solved as soon as possible.","I would say, ""There are younger children in this server who aren't ready to see to see that type of language yet. It may be a personal freedom, but it isn't ethical and it's still breaking the server's rules."" After that I will make proper judgement by looking at what other bans/ kicks they have. I would give them a proper punishment depending on what they've done it the past.","Ask the other player, if they deny it, I will ask other potential witnesses what they've seen then punish them accordingly.",I made my way up from a moderator to an admin in an old discord server about modding Sims 4. Soon the server was disbanded due to inactivity.,"I always treat others professionally, and with respect. I take my position as moderator very seriously, and I tend to be very focused whenever I do something I enjoy. I, myself used to make these ""Jails"" when I used to play in other creative servers when I was 11 or 12, but now that I see that there is a position to do something I previously loved doing, come back as an opportunity for a server I enjoy makes be really look forward to having a chance to do it again. I've always had a thing for enforcing rules as a small child (even though I did get a phone call or 2 home in elementary) and I see this as almost practice for joining the junior deputy of my city when I turn 15 soon to then be a cop when I'm older. (sorry if that was long!)","I'd see my self doing regular mod things, on my way to becoming an admin",Monday;Thursday;Friday;Saturday;Sunday;TICK HERE IF YOU ARE ABLE TO JOIN DURING HOLIDAYS.,1 - 2 hours,Sounds spammers are a big thing here.,Yes,,,,,
2024/10/26 2:51:31 am GMT+8,848kkll,848kkll,GMT+1,United Kingdom,18+,Male,he/him,3 weeks and 4 days,I would ask them why are they doing this and I would try to make them stop and revert the changes they have done and say sorry to everyone. If they don't stop I will report them to even higher authority e.g. Manager so they can deal with the situation.,I would explain to them that some people might not want swear words to be said on the server and it is also why we have a filter for them and then I would mute them for 1 or 2 days or just a couple of minutes depending on how serious it is.,"I would tell them the we have /co inspect to see who broke or placed blocks and that we can see that he was griefing and then I would warn if it was minor ,ban for 7 days if it was a proper greif and I would ban them for 30d if it was a major greif.",I have not so I am seeking experience in 50xCreative.,You should choose me over other applicants since I can moderate when most staff and other applicants couldn't I can support this since when I log on no staff are online and dont join until hours later.,"In three month's time, I see myself as a mod.",Monday;Tuesday;Wednesday;Thursday;Friday;Saturday;Sunday;TICK HERE IF YOU ARE ABLE TO JOIN DURING HOLIDAYS.,5 - 6 hours,I have nothing else to point out but just to say that every staff member is wonderful and i am grateful for this server.,Yes,,,,,
2024/08/17 2:55:30 pm GMT+8,sgdy,sgdy,UTC-5:00,United States,13-15,Male,he/they,1 day 6 hours 31 minutes at the time of applying.,"Get evidence of the staff member abusing, then send proof to a manager so they can deal with it.","I would inform them that the server rules say they have to keep their messages appropriate. If they fail to comply with the rules, I would punish them respectfully to their offense.","I would use the coreprotect plugin to check get proof that they had griefed the build, then I would either warn if it was a minor grief, or ban them for 7 days if it was a major grief.","I have 3 years of prior experience moderating Minecraft servers, and just under 4 years of experience moderating Discord servers. 
For Minecraft servers, I was the Lead Admin on DupeTop (which has sadly been shut down since), Admin/Temporary Manager on L1festee1 (now known as minecrush), and Admin on DupeBlocks (now known as dupecrush).
For Discord servers, I was the same ranks listed for the Minecraft servers (2100, 5500, and 3500 at the time respectively) I was the head of staff on a smaller discord server (about 250 people), and an Admin for another small discord server (about 200 people)","I believe I should be chosen over other applicants because I have lots of prior experience moderating both Minecraft and Discord servers, and I can quickly adapt to changes and situations.","In three months time I would like to see myself at least at a Moderator level, as I believe three months of training and getting used to using the plugins",Monday;Wednesday;Thursday;Friday;Saturday;Sunday;TICK HERE IF YOU ARE ABLE TO JOIN DURING HOLIDAYS.,3 - 4 hours,"My hours may change around summer or if I get a job, but I should still be able to be online about 10+ hours/week.",Yes,,,,,
2024/09/30 2:55:45 am GMT+8,MoonStar25,moonstar25_24778,PDT,United States,13-15,Male,he/him,"10 Days, 20 Hours, and 39 Minutes","I tell them to stop politely. If they do not stop, I ask them again. If they continue still, I tell another higher ranking staff about said interaction or I give them a temporary ban.","I tell them that on this server, swearing is not allowed, and I warn them that if they continue to swear, they will be muted.","I tell them that I saw them grief, and I ask in chat who else saw the person grief. If they admit to it then, they will get a warn or a shorter ban, but if they persist and continue to grief, they will get a longer ban.","Yes, I have. I was an admin on a server that closed down, called FreeOPSandbox.","I have been on the server much longer than most and have witnessed many bans, warns, and griefing. If no staff were online, sometimes I would even step in and put them in containment.","In three months' time, i see myself as a Sr. Mod or Admin.",Monday;Tuesday;Wednesday;Thursday;Friday;Saturday;Sunday;TICK HERE IF YOU ARE ABLE TO JOIN DURING HOLIDAYS.,3 - 4 hours,None.,Yes,,,,,
2024/10/18 6:22:14 am GMT+8,SGGopen,sggopen,UTC-5,United States Of America Southeastern Regiom,13-15,Male,he/him,"More than 1 Day, currently fixing my computer in the shop 2 days.","Immediately tell the owner about the situation even if it requires a ping. Then, control the situation to the best of my abilities.","Tell them to stop verbally one more time, then mute for 1 hour.","I would do /co inspect to check the area of griefing, if it is them, then I would ban for 7 days, if it is someone else, I would ban the person who griefed for 7 days, I will screenshot the co inspect and report it to the authorities.","Yes, I was a trainee mod on the previously known as mineclub server. +300 players. Custom domain","I’ve been apart of the community for around 5-6 months and I would like to not only possibly grow the 50XCreative community, I would like to moderate the server as it does have understaffing problems, especially at later at night which can lead to mass grief with no punishment, and I would like to support the community. I also a charismatic, mature, and intelligent. Some of my weaknesses is being very stubborn and self reliant.",I would see me as a Sr. mod or a Mod,Tuesday;Wednesday;Thursday;Saturday;Sunday;TICK HERE IF YOU ARE ABLE TO JOIN DURING HOLIDAYS.,3 - 4 hours,"My computer is being fixed at this time, so I NEED some sort of grace period as I figure out a solution for the mean time.",Maybe,,,,,
,Silencee__,silencee__op,GMT+1,"Ireland, Europe.",13 - 14,Male,he/him,"My current playtime is 2 hours, please don't instantly deny my application because I didn't have the minimum required playtime.. It's because I recently found the server and started to pllay it.",As a lower-ranked staff member to be very honest I cannot do much except just clip them abuse and send it to staff manager to handle the situation further.,"I’d tell them that just because they can swear doesn’t mean they should — especially on a server where the rules says to not swear. Freedom of speech doesn’t mean they can swear at others.. If they kept on swearing after I tell them this, I would take some action and mute them.","I'm pretty sure there is a plugin on 50xCreative where it tells you which players break what block etc.. If this wasn't a thing, I'll just try to find some evidence against them and prove it that they were griefing others builds.","Yes, I have tons of previous staffing experience.. Rather than listing all the servers, I prefer to just send my portfolio link..
Portfolio — https://tinyurl.com/2kjx7vf4","I believe you should accept me over other applicants because I’m a positive and responsible person.I've checked the server, it's extremely nice I appreciated the staff team for the environment they created—it’s all very organized. I stay calm and keep my cool when problems come up, and I’m good at communicating with others.. My goal would be to always enforce the server rules on everyone fairly. I’m always working to improve myself, and I handle most situations calmly.",I believe around Sr. mod or even Admin maybe if I get accepted lol.,Monday;Tuesday;Wednesday;Thursday;Friday;Saturday;Sunday;TICK HERE IF YOU ARE ABLE TO JOIN DURING HOLIDAYS.,3 - 4 hours,"Not really notes nor suggestions.. Whoever is reviewing this, have a good day

Kind regards,
Sincerely - Silencee__",Yes,,,,,
2024/10/19 5:36:46 am GMT+8,sSilentMC,cssilent,CST,United States,16-17,Male,he/him,1 day and 18 hours,"First,
I will take a screenshot, and a video with needed.
Then,
I will send it to a higher staff member such as Manager, Admin and Owner (and Co-Owner)
Last,
Eat chips","""It isn't a good example for the younger audience. 1st verbal warning""",/co i,"Yes, Pixelblock with around 1-2 million players",I have been in the 50x community for long enough and I've helped with cases like the Dom one and that one ticket about Rowan. I also think I'm pretty experienced with MC plugins and commands.,Moderator or Sr. Mod if I do good enough,Monday;Tuesday;Wednesday;Thursday;Friday;Saturday;Sunday;TICK HERE IF YOU ARE ABLE TO JOIN DURING HOLIDAYS.,5 - 6 hours,,Yes,,,,,
2024/10/19 5:39:01 am GMT+8,_Aple__,electric_59,UTC-4,United States,13-15,Male,he/him,9 Days and 8.04 Hours,"I would first gather evidence/proof of the admin abusing, then i would tell the owner Egono or Siqns.","I would first do a verbal warning. If they continue to ignore my warning, i would give them a warning and/or a mute.","I would ask the blamed person if this is true, he/she would say no. Then i would use /co i to confirm the griefer and then ban them for first/second/or third offense of griefing.",,"Because i mainly get on to help other and make sure when they want to join this server, they want to have fun. I don't want their fun to be ruined by griefers, so i want everyone to have a great time on 50x. I also want to be active with others like fun events and more.",I would see myself lowest as a mod and highest would be a sr.mod or admin,Monday;Tuesday;Wednesday;Thursday;Friday;Saturday;TICK HERE IF YOU ARE ABLE TO JOIN DURING HOLIDAYS.,3 - 4 hours,"On the week days i might play less than the 3-4 hours because i play soccer, and i have homework to do. I will try my best to active on weekdays as much as i can.",Yes,,,,,
2024/10/29 7:23:07 am GMT+8,Male__07,blackmc358486596,UTC+3,Brazil,13 - 14,Male,he/him,1 week and 1 day,Take some screenshots of the staff abusing and show them to egg.(pls do not decline my apply just because of this joke),Warn him,"/co i, if he was really a liar, BAN",nuh uh,Because i want become admin so i can finally use command blocks and i will ban the rule breakers and mute them. I will also,Sr.Mod,Monday;Tuesday;Wednesday;Thursday;Friday;Saturday;Sunday;TICK HERE IF YOU ARE ABLE TO JOIN DURING HOLIDAYS.,1 - 2 hours,,Yes,,,,,
2024/10/17 2:50:54 pm GMT+8,Rowanthestar,Rowanthestar#0000,BST,England,13-15,Male,he/him,1 DAYS 1 HOURS 1 MINUTES,Tell manager or owner,Verbally warn them and say swearing is not allowed and tell them they can be warned if they do it again,Use core protect to check,"Site39, moneyfight",I have been playing 50xcreative for so long and I am active and I know the rules like the back of my hand,Sr mod,Monday;Tuesday;Wednesday;Thursday;Friday;Saturday;Sunday;TICK HERE IF YOU ARE ABLE TO JOIN DURING HOLIDAYS.,5 - 6 hours,,No,,,,,
2024/10/26 4:15:27 pm GMT+8,Tamampt,Tamampt#0000,UTC+3,Nederlands ,13 - 14,Male,he/him,1d,Go to the co owner and report that,Mute + clear chat,Ban griefer use core protect inspect and core protect rollback,Yes,I’m mostly online when griefers are online Thats pretty good because i can ban them right away i always check reports,Dev or trainee mod,Monday;Tuesday;Saturday;Sunday,3 - 4 hours,Yes I’m sorry i made like 3 apps but just remove those apps since someone forced me to change my name i had to apply it here wish i could just modify that old app,Idk hopefully yes if not i don’t really care just apply next month,,,,,
2024/08/26 8:44:07 pm GMT+8,_NovaCO,.l567890,GMT+2,kosovo,13-15,Male,he/him,idrk,report them to mr siqn,mute them,ban him cause i obviously saw him,uhm i was a mod in a farming server,cause im a good builder even mr siqns himself says i have a good build and im good at moderating yeah,a moderator maybe,Monday;Tuesday;Wednesday;Thursday;Friday;Saturday;Sunday;TICK HERE IF YOU ARE ABLE TO JOIN DURING HOLIDAYS.,3 - 4 hours,idk,Yes,,,,,
2024/10/27 10:03:03 pm GMT+8,__legendary_,legendarymanvir#3730,UTC+1,UK,13 - 14,Male,he/him,2 Days 10 Hours 28 Minutes,report him to egono,mute them,ban the griefer as i have seen him do it,,because I am hard working and will do my role correctly furthermore i will make sure the server is a better experience for all players,sr. mod,Thursday;Saturday;Sunday;TICK HERE IF YOU ARE ABLE TO JOIN DURING HOLIDAYS.,1 - 2 hours,,Yes,,,,,
2024/10/19 1:03:19 am GMT+8,Technob_lade,Tamampt#0000,UTC+1 i think,Nederlands ,13-15,Male,he/him,5 days?,Report it to the higher admins,Mute,Just check coreprotect,I have worked on a server called context,I’m smart with coreprotect and bungeecord and skript and yes i learned skript in 7 days so don’t expect i being good with skript and I’m good with fixing bugs,Mod,Monday;Tuesday;Friday,1 - 2 hours,50xcreative is fun,Yes,,,,,
2024/10/19 1:05:27 am GMT+8,Reco6141,0_reco_0,PDT,California,13-15,Male,he/him,2-3 hours,Tell them to stop and tell the owner,I would mute them and if they don't stop I'll put them in time out,Look at world core and messages then I would put them in time out if griefing persists I will ban them,,Becuase i promise to be respectful kind trustworthy and responsible and i won't abuse my powers that i have over the other players,Admin (i hope),Monday;Tuesday;Wednesday;Thursday;Friday;Saturday;Sunday,3 - 4 hours,,I hope i get accepted because this will be my first time as staff,,,,,
2024/11/01 1:42:08 pm GMT+8,mvoz,high.boi.,GMT+2,cyrpus,13 - 14,Male,he/him,1 day and 3 hours,tell a high staff member or help them cuz funny,id warn them if they didnt stop id mute them for a day or a week,ban the griefer,nope,because i find the server better than hypickle so i hope to be an admin since this server got me back into minecraft.,jr mod,Monday;Tuesday;Friday;Saturday;Sunday;TICK HERE IF YOU ARE ABLE TO JOIN DURING HOLIDAYS.,3 - 4 hours,strengthen chat filter,i feel confident but nervous at the same time so i guess i have a shot?,,,,,
2024/09/08 8:48:20 pm GMT+8,vlador585,vladis123#4097,UTC+10,germany,13-15,Male,he/him,1 day 2hours 1 minutes,"i will tell the owner, and if im tolled to do somthing about it ui will ban him immediatly",i will mute them and if they will do it angin i will ban them,i will ban the playre,i was a staff in a lifesteal server so i think so,i really want to be a staff in such a good server! and beacouse i care a lot about the server+ today a hacker raided the server and i wanted to ban him soooo bad but i couldnt because i wasnt a staff member and you should choose me because i am the goat :)),at least sr. mod,Monday;Tuesday;Wednesday;Thursday;Friday;Saturday;Sunday,5 - 6 hours,i really like to have staff rank ;)) plus im really kind and take my time with players wenn they need help,Yes,,,,,
2024/08/28 5:56:45 pm GMT+8,AlDezel,.dezell.,EST,north america,18-20,Male,he/him,3 hours,i record what they are doing and show it to the owner.,i would let them know we do not allow cussing in this server and if they keep doing it i will mute them for chat bypass.,"i would ban them because they didnt admit it after i saw it , if they were to admitted to breaking it and would just say sorry i would only warn them.","yes , pvpinium - Mod , blockrushmc - helper , taspvp - mod , dupeblocks - mod , narcgens - owner , genspvp - helper.",i think i am a good staff member who could help the community more and have more staff experience then others.,Mod,Monday;Tuesday;Wednesday;Thursday;Friday;Saturday,1 - 2 hours,,Yes,,,,,
Ender1104,Ender1104#0000,GMT-5,The United States of America / Texas / North America,13-15,Male,he/him,1 Day 4 Hours 55 Minutes and 56.95 Seconds,Creative,Siqns and Egono,Able to moderate the server and maintain the server's quality in pristine condition.,I would take screenshots of what the higher ranking staff member is doing and contact a Sr. Admin+ so they can take care of the situation appropriately if I didn't have any proof the problem wouldn't be solved because no action can be taken without proof.,"Always use polite words like ""please"" or ""thank you"".",Since privately owned businesses are allowed to restrict the freedom of speech while in their business (The 50x Minecraft Server). This means that they do not have the freedom of speech to swear and they should receive a warning first and then a mute the length depending on the severity of the word they used.,"Warn the player to not advertise again and clears the chat. If repeated, a mute will persist.",If you do not see a griefer commit the offense or someone else has a screenshot of them doing it you should use /coreprotect inspect on the broken blocks to see who is responsible. You then should take screenshots of those logs and save them to your files so if they ever make a ticket you will still have the proof. You should then warn them if it was a very minor offense aka 1 or 2 blocks broken but if it was a major offense you should ban their account for 7 days. If they try to ban evade this current ban you should extend the punishment to a ip ban forever. ,Before applying to become a staff member on the best creative server 50x I was a developer for 3 years(since I was 11) on a Avatar The Last Airbender server working on special ability/items and boss fights. That ended whenever the server lost funding and shut down. Before it shut down it had around 30 players at a time and was not on minehut. After that I transitioned to a creative server on minehut called SSCreativeSS I was sadly only a mod on there for its last week of life before it also ran out of funding. Then I tried to start up my own creative server and I got it published and on minehut with a full staff team but guess what. It ran out of funding. So now I am currently looking for a new job to do in my spare time(don't worry there is a lot).,You should choose me over other applicants because even though I may be younger and immature at some points I have much more experience and know how to do more advanced things. I also put lots of time and effort into this application and I hope you have a nice day :),In three months time I either want to be moderating the server around Christmas time and making sure everyone who just got Minecraft is very happy or If I do very very good I want to work on small development projects and bug fixes.,"Yep I have streamlabs, obs, screencast, and a couple others I also have a 2tb hard drive just for storing media.",Tuesday;Thursday;Friday;Saturday;Sunday,1 - 2 hours,This took me an hour and a half and I am entirely out of Adderall this has taken away all of my sanity an I defiantly am overthinking each question. On the question about bypassing the sweat filter I used google. I asked the other staff member and they said yes but it was to another question and I didn't realize that until after I googled it I'm sorry. All i googled was if privately owned businesses have the right to take away your freedom of speech.,Very confident because this took me 1 and a half hours and if I don't get accepted I'm actually about to crash out.
2024/09/13 7:39:47 am GMT+8,FuzzyFireX,fuzzyfirex / fuzzyfirex#1041,EDT,United States / New Jersey,13-15,Male,he/him,Maybe 16 hours - 2 days i do not exactly know,"First I would ask them what they are doing if they say something bad, I would contact higher authority or",Ask them to check the Official Rules and tell them that they are needed to follow them or unfortunately we would have to ban them.,I have replay mod or if the server has replay mod I would check it if we didn't I would ask other players if they witnessed him greifing,No,I will respect and be kind to everyone on the server and I will not favor other players and I will be as kind as possible to players and staff,I would see my self in this server in at least 6 months time,Monday;Tuesday;Wednesday;Thursday;Friday;Saturday;Sunday;TICK HERE IF YOU ARE ABLE TO JOIN DURING HOLIDAYS.,1 - 2 hours,,Yes,,,,,
2024/09/12 6:16:14 am GMT+8,notacrayon,teriyaki3rd,UTC+1,Norway,13-15,Male,he/him,i have been off and on the server for 1 year.,"I would threaten to report to higher-ranked individuals, and if they dont stop i will get other staff members involved.",As long as you are online on the server the rules says otherwise.,"i would most likely grab a witness, but if that is not possible i will temp-ban (if i can) for griefing.",in 2022 i used to co own a minecraft anarchy server but the server is gone but i still have the owner friended on discord.,"Because i would love to be a bigger part of the server and help keep it safe and clean from griefers, advertisers, trolls and such.",three months is a very short period but i could see my self have more contact in the community.,Monday;Wednesday;Friday;Saturday;Sunday,1 - 2 hours,i miss when people dug into the ground and made tunnels and called it malls,Yes,,,, ,
2024/08/21 3:36:00 am GMT+8,MASYOURT,masyourt,GMT 3:00,"Turkey,Istanbul",13-15,Male,he/him,3 hours 40 minutes :/,I would report the admin into the the owner or the managers.,I will be going to mute him but if the swear is Racial I will give more mute time for that amount but if the swear is like normal or less i will mute them on average mute time,I will be calm and be supportive togards the victim and i will get evindence then i will ban him / if i dont have a perm for banning then i will the admins,"I was in some servers.Co-owner,Helper x4,Mod,Admin x2 Times","I will moderate everything from looking to the people enderchest,what they are building,was they are previosly banned/muted.",Admin maybe,Monday;Tuesday;Saturday;Sunday,3 - 4 hours,,Yes,,,,,
2024/08/27 2:39:03 am GMT+8,MotionsSon,frutiger.areo,EST,United States,13-15,Male,he/him,4 hours (i probably wont get hired),Report them to the discord,I would warn them and if they continued I would ban them for 1 day.,Ban them for a week.,Ive moderated many discord servers and 1 gmod server before.,"I have lots of previous experience being a moderator In other games, and in discord servers, I will try my best to moderate the server and keep it clean. I am also on very frequently, every day for 1-3 hours.",Moderator,Monday;Tuesday;Wednesday;Thursday;Friday;Saturday;Sunday;TICK HERE IF YOU ARE ABLE TO JOIN DURING HOLIDAYS.,1 - 2 hours,,Yes,,,,,
2024/09/08 8:09:19 am GMT+8,Gameboy5969,Gameboy#6545,UTC,United States,13-15,Male,he/him,1 day,De op them then ban them,give them a warning then if they do it again 1 day ban,ban them,,Because i will be a good staff and follow the rules and ban players who brake the rules and i will be good.,admin or mod,Friday;Saturday;Sunday;TICK HERE IF YOU ARE ABLE TO JOIN DURING HOLIDAYS.,1 - 2 hours,,Yes,,,,,
2024/10/18 5:13:54 pm GMT+8,EndMaestro,anpyromaestro,UTC+7,Asia,13-15,Male,he/him,10 DAYS 6 HOURS,Ask other staff members about it.,Tell them to read the rules and if they continue then temporary mute them.,Tell them that /co i exist and warn them.,,"I'm always respectful and kind to players/willing to help them and just really active in general, also I'm skillful in building, redstone, coding.",Jr. Mods,Monday;Tuesday;Wednesday;Thursday;Friday,3 - 4 hours,,Maybe,,,,,
2024/08/15 2:31:28 am GMT+8,Felix_karaffa,.felix_k,CEST,Denmark,13-15,Prefer not to say,he/him,got reset in season but in all its 15 days,ill report to a dev or higer with screen shot,Warn for bypass of chat,Warn if small grief if big 7 day ban,,I want to help the server with problems and keep away griefers from the server and protect it from that stuff,Mod,Monday;Tuesday;Wednesday;Thursday;Friday;Saturday;Sunday,1 - 2 hours,,Maybe,,,,,
2024/10/17 8:34:32 pm GMT+8,andezp,andezp2009,UTC+7.,Indonesia / Asia.,16-17,Male,he/him,"4 days, 21.89 hours.","I would inform owner, or manager to punish them.",I would give them a warn and a 10 minute mute to make them consider their doings.,warn if small grief if big 7 day ban,Yes. I used to be an admin in my friend's minigame server.,You don't have to choose me over other applicants. I am okay with not getting picked to become apart of the staff team.,A moderator who is nice to other players.,Tuesday;Thursday;Friday;Sunday;TICK HERE IF YOU ARE ABLE TO JOIN DURING HOLIDAYS.,3 - 4 hours,,Maybe,,,,,
2024/10/30 3:40:55 am GMT+8,AnGelic_Nico,daxoalfa,GMT+2,europe,13 - 14,Male,he/him/it,old act on stats say 52 min on minehut say 6 days (FemboyAdmin) new under 1 day(AnGelic_Nico),say that to same/higher staff about it,mute them if they spam and they are bypassing the filter witch would be abusing exploits or / warn,i would temp ban them revert there greffing with the command (i know it exist) and then stop obs and save it as a clip in a harddrive and then if he try to apeal the ban i would show the clip,no not much only servers i have been staff are no longer alive,because i can be an active member in the comunity and a good hearted staff member and i would love to join the staff team,sr. mod(a staff memeber(bad joke ignore)),Saturday;Sunday;TICK HERE IF YOU ARE ABLE TO JOIN DURING HOLIDAYS.,1 - 2 hours,yes,Yes,,,,,
2024/09/02 12:10:44 am GMT+8,Baasher,Fire_fly_blob / Fire_fly_blob##9193,UTC+11,France,13-15,Male,he/him,1 day 0.23 hours,Instanstly take proof of the abuse of authority and report with the proof to a staff who can demote the authority abuser,mute them for an hour and if they don't stop increasingly mute them longer,"If i'am able to temp-ban, i would temp-ban them for 7 days as i was a witness to it","Yes, i do but on a small now almost inactive server",I'am a lot active on 50x and the only time i cannot be that much active is because of parental punishment or school.,A player who build stuff for people to build together and make an community build.,Wednesday;Friday;Saturday;Sunday;TICK HERE IF YOU ARE ABLE TO JOIN DURING HOLIDAYS.,3 - 4 hours,,Maybe,,,,,
2024/09/05 9:30:47 am GMT+8,connor55315434,connor13240585,GMT-5,North America,13-15,Male,he/him,3d i think i cant check but thats what it said,report it to someone that can help,i say thats true but can you pls not do it in this server,i will check the thing i forgot what it is called if i see it in there then i will ban them for a day if they do it again i will ban the for 3d if they keep doing it then its 5d,no but i hope that is not bad,i can help a lot make sure no one griefs and help people that need help then i will ban people that griefs.,idk maybe mod or something else,Monday;Wednesday;Saturday,1 - 2 hours,,Yes,,,,,
2024/10/03 6:53:21 am GMT+8,Creeper_diamonds,Creeperdiamonds#1234,GMT+3,Israel,13-15,Male,he/him,Yes,Helper,I will say: dude stop wear it's not cool,Ban him(if I allowed) call to staff,Yr,"Yes I can help you with ban griefer and cheater help building and a lot more 
I'm very very very help",A helper with search for player that I can help,Tuesday;Thursday;Friday;Saturday;Sunday;TICK HERE IF YOU ARE ABLE TO JOIN DURING HOLIDAYS.,5 - 6 hours,,Yes,,,,,
2024/09/08 12:45:06 am GMT+8,frederikd8,tester.__.,GMT+2,Denmark,13-15,Male,he/him,1 day maby more idk,report to a higher-ranked staff or to you,mute him for we dont swear on the server if whant to swear go on your world,say i kown you dit it i sa you griefing sorry for bad text im not the best,i have made my own server it was active but not more,i am a good staff and a have experience on som servers and i kown commands prety good i have play on the server over 24 hours,i dont kown any positions,Monday;Tuesday;Wednesday;Thursday;Friday;Saturday;Sunday;TICK HERE IF YOU ARE ABLE TO JOIN DURING HOLIDAYS.,1 - 2 hours,i like to script but i am not the best,Maybe,,,,,
2024/08/30 10:16:59 am GMT+8,ImInjecting,cheatinge,CEST+2,spain/barcelona,13-15,Male,he/him,8:47h,i would contact the server owner and tell him all whats happening providing him proof.,"mute him for 1 week, and depends on the words 1 month.",ask everyone in the server for proof. and if they are real i would ban him for a month: 1 week for griefing and 2 weeks for lying,"yes, in vanta.","Because i think i would be a good moderator and helping the people in the server, and when someone would ask me for help. i will always help him.",maybe sr mod?,Tuesday;Wednesday;Thursday;Friday;Saturday;Sunday,3 - 4 hours,,Maybe,,,,,
2024/10/18 1:32:44 pm GMT+8,infection_guy,thatscrazyguy,GMT+2,Nederlands ,16-17,Male,he/him,1 day and 4 hours,I will report them ro the server owner/owners,"Say ""that is right but on this server we would not like people swearing because there are poeple under the 18:",Rollback and watch my replay mod,I have acquired the rank of staff in alot of personal and public servers,"Because I have a fun way to talk to every player and know how all cmds work, I am a good listener and I learned the rules out of my head",As a high ranking staff member of your team,Monday;Tuesday;Wednesday;Thursday;Friday;Saturday;Sunday;TICK HERE IF YOU ARE ABLE TO JOIN DURING HOLIDAYS.,1 - 2 hours,I have adhd And autism I am not saying it to get a better chance of being accepted I just wanted to let you all know I can by hyper focused or quickly lose focus.,Yes,,,,,
2024/10/28 12:45:27 am GMT+8,GreedyAllay,greedyallay,GMT+1,Nederlands ,17 - 18,Male,he/him,uhhhh shorter than that.... but i will play more if thats okay,Contact staff on discord that has a higher rank than that person,"Tell them they are allowed to say anything they like to, but you are not allowed to hurt people.",I will secretly check on this person to see if they keep doing this.,,"Because I play minecraft way too much and I am really kind and like to help people. If someone breaks the rules, I will give them an appropriate punishment, e.g. when cursing telling them to stop and if they keep going muting them.",Someone that is keeping the server clean and organised.,Saturday;Sunday,1 - 2 hours,,Yes,-,,,,
2024/09/10 8:08:30 am GMT+8,landoped,star_rooots,UTC7 i think,United States,13-15,Male,he/him,it reset so now it has 1 hour and 30 mins when i know i have atleast 2 days,i woud tell higher rank and egono who it is and what they are doing. i would also send proof,i would warn and if they do it again i would mute.,check who broke the logs because i think you can check what players placed and broke blocks. then i would ban for 7 days,in a discord server but not mc. im currently a community manager,i think im turstworthy and i can do a good job moderating. i have some experience and punish people for bad things they may have done. also i am og,maybe 1 rank higher.,Saturday;Sunday;TICK HERE IF YOU ARE ABLE TO JOIN DURING HOLIDAYS.,1 - 2 hours,sometimes i might be busy doing schoolwork,Maybe,,,,,
2024/10/19 3:17:25 am GMT+8,Diffenfyy,Diffenyy / Diffenyy#8537,GMT +1,England,16-17,Male,he/him,"I'd say all together spread on all accounts, around 2 months give or take. (help me)",I'd take screenshots as proof and I'd report it to another higher-ranked staff.,"I would reinform them of our rules and how they are not to send that kind of language in this server, if they continue to do so. I'd mute them for a period of time I see best fit.",I would inform them that we have plugins that prove their claim wrong. I'd then ban for 7 days.,I have around a year of experience in a really great server... it's called 50x! Not sure if you have heard of it. My position for a bit was manager.,I have great experience with handling and loving countless communities and I never touch grass! Seriously... MY PLAY TIME WAS NEARLY 2 MONTHS,"Uh, hopefully somewhere like an admin.",Monday;Tuesday;Wednesday;Thursday;Friday;Saturday;Sunday;TICK HERE IF YOU ARE ABLE TO JOIN DURING HOLIDAYS.,7 - 8 hours,"I am reapplying for this role after countless hours of reconsideration, seriously... I really do have a good connection to 50x and I really do want to become closer to the community again.",Yes,,,,,
2024/10/17 11:22:32 pm GMT+8,_FunnyGuy_,milkfrom2011isstillsafetoconsume,EST (UTC-5),United States,13-15,Male,he/him,1 Days 4.6 Hours,Report to someone who is higher ranked than an Admin.,"50x is a private server, and is not linked to the government in any way. Sure, if the police arrests you for swearing, it is unconstitutional, but private companies have the authority to ban you from their establishments. So, bypassing the chat filter is still punishable.","Use /co inspect to verify, then punish the griefer with the according punishment.",,"I use 50x a lot, and build on it and collaborate with other people on projects. I truly believe 50x is a great server, and would hate to see it in the condition it used to be in back when most staff and players were on Builder's Den and griefing without punishment was a regular thing.",Probably the same position.,Monday;Tuesday;Wednesday;Thursday;Saturday;Sunday,1 - 2 hours,"For joining, I am usually free six days a week, for as long as I feel like playing. Even when I am not on the server, I am usually playing another game or another server, and discord is always open and set to online, so I can be pinged. Certain times, like the month of Ramadan, and when my family comes to visit, I am rarely on, but other than that, I am a mostly active user.",Maybe,,,,,